ID,attribute
0,f
1,f
2,f
3,b
4,b
5,c
6,f
7,f
8,a
9,e
10,f
11,b
12,e
13,e
14,a
15,a
16,d
17,d
18,c
19,a
20,c
21,e
22,e
23,b
24,c
25,e
26,c
27,d
28,f
29,a
30,c
31,a
32,d
33,e
34,d
35,d
36,b
37,a
38,e
39,b
40,f
41,a
42,e
43,a
44,b
45,f
46,c
47,b
48,d
49,a
50,c
51,a
52,a
53,f
54,d
55,d
56,b
57,e
58,b
59,b
60,e
61,b
62,e
63,f
64,b
65,b
66,f
67,e
68,e
69,c
70,b
71,b
72,f
73,d
74,a
75,c
76,d
77,c
78,f
79,b
80,c
81,d
82,e
83,e
84,a
85,d
86,d
87,a
88,e
89,d
90,b
91,d
92,b
93,a
94,a
95,d
96,f
97,f
98,f
99,f
100,e
101,c
102,c
103,f
104,a
105,e
106,d
107,c
108,a
109,e
110,a
111,c
112,c
113,a
114,a
115,a
116,c
117,f
118,e
119,f
120,f
121,b
122,a
123,a
124,c
125,b
126,e
127,f
128,a
129,a
130,f
131,e
132,a
133,e
134,f
135,d
136,c
137,f
138,c
139,a
140,f
141,a
142,d
143,f
144,a
145,f
146,a
147,b
148,c
149,b
150,c
151,b
152,b
153,c
154,b
155,f
156,f
157,b
158,a
159,e
160,b
161,e
162,d
163,b
164,c
165,f
166,b
167,a
168,c
169,e
170,a
171,b
172,a
173,a
174,b
175,e
176,b
177,c
178,b
179,a
180,b
181,b
182,b
183,d
184,b
185,c
186,f
187,a
188,f
189,f
190,f
191,b
192,c
193,f
194,e
195,b
196,c
197,e
198,a
199,d
200,d
201,a
202,e
203,f
204,e
205,b
206,e
207,d
208,e
209,c
210,b
211,c
212,e
213,e
214,b
215,e
216,f
217,c
218,a
219,a
220,f
221,d
222,b
223,c
224,f
225,a
226,e
227,c
228,e
229,c
230,c
231,e
232,f
233,a
234,f
235,f
236,a
237,b
238,e
239,e
240,c
241,a
242,e
243,d
244,b
245,d
246,e
247,c
248,d
249,a
250,e
251,b
252,b
253,f
254,c
255,f
256,e
257,a
258,d
259,b
260,f
261,a
262,c
263,d
264,a
265,a
266,a
267,d
268,f
269,b
270,e
271,b
272,c
273,a
274,d
275,f
276,f
277,c
278,e
279,f
280,b
281,a
282,f
283,a
284,d
285,d
286,d
287,c
288,e
289,e
290,d
291,e
292,a
293,b
294,b
295,f
296,a
297,a
298,b
299,c
300,f
301,f
302,b
303,f
304,a
305,f
306,a
307,f
308,b
309,b
310,e
311,d
312,d
313,d
314,b
315,b
316,b
317,a
318,b
319,a
320,c
321,a
322,d
323,a
324,b
325,f
326,d
327,c
328,a
329,c
330,f
331,a
332,e
333,c
334,b
335,e
336,d
337,b
338,a
339,e
340,d
341,f
342,c
343,f
344,e
345,b
346,c
347,d
348,c
349,e
350,a
351,a
352,a
353,b
354,f
355,a
356,a
357,c
358,f
359,b
360,d
361,b
362,b
363,c
364,a
365,f
366,c
367,d
368,d
369,c
370,a
371,e
372,f
373,c
374,b
375,f
376,f
377,a
378,f
379,b
380,b
381,e
382,a
383,f
384,f
385,f
386,d
387,e
388,c
389,c
390,c
391,d
392,c
393,b
394,c
395,c
396,c
397,b
398,d
399,b
400,a
401,a
402,b
403,c
404,d
405,a
406,b
407,c
408,f
409,b
410,a
411,e
412,c
413,b
414,a
415,e
416,c
417,a
418,f
419,f
420,d
421,b
422,e
423,e
424,e
425,d
426,c
427,d
428,f
429,a
430,c
431,b
432,e
433,b
434,c
435,a
436,a
437,f
438,b
439,d
440,a
441,d
442,d
443,f
444,a
445,d
446,b
447,c
448,a
449,c
450,f
451,e
452,f
453,e
454,d
455,e
456,a
457,c
458,f
459,e
460,d
461,e
462,a
463,c
464,e
465,d
466,b
467,f
468,f
469,b
470,a
471,e
472,a
473,b
474,f
475,c
476,a
477,e
478,b
479,c
480,c
481,f
482,a
483,c
484,c
485,d
486,e
487,f
488,f
489,e
490,b
491,b
492,c
493,b
494,c
495,a
496,d
497,b
498,b
499,d
500,e
501,d
502,a
503,f
504,f
505,e
506,b
507,c
508,a
509,f
510,c
511,f
512,e
513,c
514,b
515,b
516,f
517,e
518,e
519,c
520,b
521,f
522,a
523,d
524,e
525,b
526,a
527,d
528,b
529,d
530,e
531,c
532,e
533,e
534,e
535,c
536,d
537,e
538,b
539,c
540,f
541,a
542,a
543,d
544,d
545,e
546,f
547,f
548,c
549,d
550,f
551,f
552,b
553,d
554,f
555,b
556,a
557,c
558,e
559,a
560,d
561,a
562,e
563,f
564,e
565,f
566,e
567,b
568,f
569,a
570,c
571,f
572,d
573,d
574,f
575,a
576,c
577,d
578,d
579,f
580,d
581,d
582,a
583,b
584,c
585,e
586,d
587,e
588,f
589,a
590,d
591,e
592,f
593,c
594,e
595,e
596,f
597,d
598,d
599,d
600,d
601,b
602,f
603,c
604,c
605,b
606,d
607,a
608,c
609,b
610,b
611,c
612,f
613,f
614,e
615,d
616,a
617,a
618,a
619,b
620,b
621,f
622,b
623,d
624,b
625,c
626,d
627,b
628,b
629,d
630,c
631,f
632,b
633,e
634,d
635,f
636,d
637,d
638,e
639,d
640,b
641,a
642,d
643,b
644,d
645,c
646,a
647,c
648,d
649,c
650,c
651,a
652,b
653,d
654,d
655,a
656,c
657,a
658,a
659,c
660,a
661,d
662,d
663,f
664,d
665,e
666,a
667,b
668,d
669,a
670,d
671,d
672,e
673,e
674,b
675,c
676,b
677,b
678,c
679,d
680,c
681,c
682,a
683,a
684,b
685,f
686,c
687,d
688,e
689,f
690,c
691,f
692,d
693,d
694,e
695,e
696,e
697,a
698,a
699,c
700,f
701,c
702,b
703,e
704,e
705,e
706,b
707,a
708,c
709,b
710,f
711,e
712,f
713,d
714,a
715,f
716,e
717,e
718,c
719,e
720,c
721,c
722,b
723,e
724,f
725,c
726,f
727,f
728,b
729,e
730,e
731,f
732,e
733,b
734,e
735,b
736,a
737,a
738,f
739,a
740,e
741,c
742,e
743,a
744,c
745,f
746,f
747,e
748,f
749,d
750,b
751,a
752,a
753,f
754,b
755,b
756,e
757,e
758,a
759,e
760,d
761,e
762,d
763,b
764,b
765,b
766,a
767,c
768,b
769,a
770,b
771,a
772,f
773,f
774,c
775,b
776,c
777,d
778,a
779,d
780,e
781,a
782,c
783,d
784,a
785,b
786,a
787,d
788,d
789,a
790,c
791,d
792,f
793,e
794,c
795,f
796,e
797,f
798,f
799,a
800,e
801,e
802,c
803,b
804,a
805,f
806,d
807,b
808,c
809,d
810,d
811,e
812,f
813,b
814,d
815,c
816,f
817,e
818,c
819,b
820,c
821,e
822,a
823,e
824,a
825,f
826,b
827,c
828,b
829,f
830,d
831,b
832,b
833,a
834,b
835,e
836,e
837,e
838,e
839,f
840,b
841,f
842,e
843,c
844,d
845,b
846,d
847,e
848,d
849,d
850,b
851,c
852,d
853,a
854,c
855,f
856,f
857,c
858,e
859,b
860,b
861,d
862,a
863,c
864,b
865,d
866,c
867,b
868,d
869,b
870,b
871,f
872,a
873,c
874,e
875,b
876,a
877,a
878,d
879,f
880,b
881,e
882,e
883,c
884,c
885,c
886,b
887,d
888,e
889,a
890,e
891,e
892,f
893,b
894,f
895,c
896,c
897,f
898,b
899,c
900,a
901,d
902,e
903,e
904,a
905,e
906,d
907,a
908,b
909,c
910,d
911,c
912,c
913,f
914,f
915,f
916,c
917,a
918,f
919,a
920,d
921,e
922,c
923,a
924,f
925,c
926,a
927,b
928,d
929,e
930,d
931,d
932,e
933,a
934,f
935,b
936,b
937,e
938,e
939,f
940,c
941,a
942,c
943,a
944,f
945,a
946,e
947,e
948,c
949,e
950,d
951,e
952,e
953,d
954,c
955,a
956,b
957,d
958,e
959,d
960,d
961,b
962,e
963,b
964,f
965,f
966,e
967,a
968,b
969,e
970,f
971,b
972,c
973,a
974,c
975,f
976,e
977,a
978,f
979,d
980,b
981,b
982,d
983,d
984,f
985,c
986,b
987,b
988,d
989,f
990,c
991,b
992,b
993,f
994,a
995,d
996,e
997,e
998,b
999,d
1000,f
1001,e
1002,f
1003,f
1004,a
1005,a
1006,d
1007,c
1008,a
1009,d
1010,c
1011,e
1012,e
1013,a
1014,e
1015,e
1016,a
1017,f
1018,c
1019,d
1020,d
1021,e
1022,e
1023,b
1024,f
1025,a
1026,a
1027,f
1028,f
1029,d
1030,a
1031,d
1032,c
1033,e
1034,a
1035,d
1036,d
1037,d
1038,a
1039,c
1040,d
1041,a
1042,e
1043,d
1044,c
1045,a
1046,f
1047,b
1048,e
1049,c
1050,d
1051,d
1052,e
1053,d
1054,a
1055,b
1056,c
1057,c
1058,d
1059,a
1060,d
1061,f
1062,f
1063,d
1064,d
1065,a
1066,a
1067,d
1068,f
1069,e
1070,c
1071,d
1072,a
1073,d
1074,f
1075,d
1076,f
1077,a
1078,b
1079,d
1080,b
1081,b
1082,a
1083,b
1084,f
1085,a
1086,a
1087,e
1088,b
1089,c
1090,b
1091,f
1092,e
1093,c
1094,c
1095,d
1096,c
1097,d
1098,d
1099,f
1100,f
1101,a
1102,a
1103,b
1104,b
1105,c
1106,a
1107,d
1108,a
1109,e
1110,d
1111,e
1112,d
1113,a
1114,c
1115,e
1116,d
1117,c
1118,d
1119,d
1120,b
1121,b
1122,c
1123,e
1124,b
1125,c
1126,d
1127,b
1128,b
1129,b
1130,f
1131,c
1132,d
1133,a
1134,a
1135,c
1136,c
1137,b
1138,d
1139,d
1140,e
1141,b
1142,b
1143,a
1144,a
1145,a
1146,f
1147,e
1148,e
1149,f
1150,e
1151,f
1152,a
1153,f
1154,e
1155,e
1156,a
1157,d
1158,c
1159,c
1160,d
1161,b
1162,c
1163,a
1164,c
1165,f
1166,e
1167,a
1168,f
1169,d
1170,d
1171,c
1172,d
1173,d
1174,b
1175,e
1176,a
1177,c
1178,d
1179,e
1180,c
1181,c
1182,b
1183,d
1184,d
1185,d
1186,a
1187,b
1188,a
1189,c
1190,c
1191,a
1192,c
1193,a
1194,c
1195,c
1196,a
1197,f
1198,e
1199,f
1200,c
1201,a
1202,d
1203,f
1204,e
1205,f
1206,c
1207,c
1208,b
1209,b
1210,b
1211,d
1212,f
1213,b
1214,c
1215,a
1216,d
1217,e
1218,b
1219,b
1220,c
1221,a
1222,f
1223,f
1224,d
1225,f
1226,d
1227,c
1228,e
1229,e
1230,c
1231,d
1232,a
1233,c
1234,f
1235,e
1236,b
1237,a
1238,e
1239,b
1240,d
1241,e
1242,f
1243,c
1244,c
1245,c
1246,c
1247,c
1248,e
1249,f
1250,a
1251,b
1252,b
1253,a
1254,a
1255,e
1256,b
1257,a
1258,f
1259,a
1260,a
1261,b
1262,a
1263,f
1264,a
1265,b
1266,f
1267,c
1268,a
1269,b
1270,b
1271,c
1272,b
1273,d
1274,f
1275,d
1276,a
1277,a
1278,b
1279,c
1280,a
1281,e
1282,f
1283,d
1284,f
1285,d
1286,c
1287,e
1288,f
1289,b
1290,c
1291,e
1292,f
1293,e
1294,d
1295,b
1296,c
1297,c
1298,e
1299,f
1300,e
1301,c
1302,b
1303,d
1304,a
1305,e
1306,f
1307,f
1308,d
1309,b
1310,f
1311,c
1312,e
1313,a
1314,d
1315,b
1316,b
1317,c
1318,f
1319,f
1320,e
1321,c
1322,b
1323,d
1324,f
1325,d
1326,e
1327,b
1328,a
1329,d
1330,e
1331,d
1332,f
1333,f
1334,d
1335,a
1336,f
1337,b
1338,e
1339,d
1340,c
1341,c
1342,e
1343,c
1344,c
1345,f
1346,c
1347,c
1348,a
1349,a
1350,f
1351,e
1352,b
1353,d
1354,e
1355,e
1356,e
1357,e
1358,c
1359,e
1360,f
1361,b
1362,b
1363,d
1364,e
1365,b
1366,a
1367,c
1368,c
1369,c
1370,a
1371,a
1372,e
1373,e
1374,a
1375,d
1376,d
1377,c
1378,f
1379,f
1380,c
1381,f
1382,f
1383,c
1384,c
1385,a
1386,f
1387,c
1388,e
1389,a
1390,a
1391,d
1392,a
1393,c
1394,a
1395,f
1396,d
1397,b
1398,e
1399,b
1400,d
1401,a
1402,c
1403,c
1404,f
1405,d
1406,c
1407,e
1408,b
1409,e
1410,d
1411,e
1412,c
1413,d
1414,f
1415,b
1416,b
1417,f
1418,f
1419,c
1420,b
1421,d
1422,b
1423,d
1424,d
1425,b
1426,e
1427,b
1428,a
1429,b
1430,d
1431,a
1432,e
1433,e
1434,d
1435,f
1436,a
1437,d
1438,a
1439,b
1440,b
1441,a
1442,a
1443,f
1444,f
1445,a
1446,a
1447,c
1448,c
1449,b
1450,d
1451,a
1452,e
1453,f
1454,c
1455,f
1456,d
1457,e
1458,f
1459,b
1460,b
1461,f
1462,a
1463,f
1464,d
1465,f
1466,f
1467,b
1468,e
1469,c
1470,d
1471,f
1472,a
1473,a
1474,a
1475,d
1476,e
1477,f
1478,c
1479,c
1480,e
1481,c
1482,c
1483,b
1484,b
1485,a
1486,a
1487,e
1488,a
1489,c
1490,b
1491,d
1492,c
1493,a
1494,c
1495,e
1496,a
1497,b
1498,d
1499,b
1500,c
1501,c
1502,d
1503,a
1504,e
1505,e
1506,f
1507,d
1508,b
1509,d
1510,f
1511,a
1512,e
1513,c
1514,c
1515,b
1516,d
1517,c
1518,f
1519,d
1520,e
1521,d
1522,e
1523,a
1524,b
1525,d
1526,d
1527,e
1528,e
1529,c
1530,c
1531,d
1532,e
1533,a
1534,b
1535,a
1536,b
1537,f
1538,f
1539,f
1540,a
1541,d
1542,f
1543,a
1544,c
1545,f
1546,e
1547,b
1548,c
1549,f
1550,b
1551,f
1552,e
1553,e
1554,f
1555,f
1556,b
1557,e
1558,a
1559,e
1560,c
1561,a
1562,f
1563,c
1564,b
1565,a
1566,f
1567,a
1568,e
1569,e
1570,a
1571,b
1572,f
1573,e
1574,b
1575,f
1576,b
1577,e
1578,e
1579,d
1580,a
1581,e
1582,d
1583,f
1584,f
1585,d
1586,c
1587,d
1588,b
1589,e
1590,e
1591,f
1592,f
1593,e
1594,b
1595,e
1596,e
1597,f
1598,a
1599,c
1600,f
1601,d
1602,c
1603,e
1604,e
1605,a
1606,c
1607,f
1608,f
1609,d
1610,d
1611,d
1612,e
1613,f
1614,c
1615,a
1616,e
1617,d
1618,a
1619,b
1620,c
1621,c
1622,e
1623,d
1624,f
1625,f
1626,c
1627,c
1628,d
1629,b
1630,e
1631,a
1632,c
1633,e
1634,c
1635,a
1636,e
1637,c
1638,c
1639,e
1640,d
1641,b
1642,b
1643,b
1644,a
1645,f
1646,e
1647,a
1648,d
1649,c
1650,a
1651,b
1652,b
1653,d
1654,e
1655,f
1656,c
1657,d
1658,b
1659,e
1660,d
1661,b
1662,d
1663,d
1664,c
1665,b
1666,c
1667,d
1668,a
1669,b
1670,f
1671,d
1672,a
1673,a
1674,b
1675,e
1676,f
1677,d
1678,d
1679,c
1680,f
1681,e
1682,a
1683,e
1684,d
1685,f
1686,e
1687,c
1688,a
1689,c
1690,f
1691,b
1692,e
1693,c
1694,d
1695,f
1696,d
1697,c
1698,c
1699,f
1700,c
1701,c
1702,d
1703,d
1704,e
1705,b
1706,f
1707,b
1708,f
1709,b
1710,b
1711,d
1712,d
1713,b
1714,f
1715,d
1716,e
1717,d
1718,a
1719,f
1720,f
1721,e
1722,a
1723,d
1724,a
1725,d
1726,e
1727,e
1728,c
1729,b
1730,e
1731,f
1732,d
1733,d
1734,e
1735,e
1736,f
1737,e
1738,b
1739,c
1740,a
1741,b
1742,f
1743,f
1744,f
1745,b
1746,d
1747,f
1748,f
1749,a
1750,e
1751,b
1752,d
1753,c
1754,b
1755,f
1756,c
1757,f
1758,d
1759,b
1760,f
1761,c
1762,a
1763,a
1764,e
1765,d
1766,e
1767,e
1768,b
1769,e
1770,d
1771,c
1772,c
1773,f
1774,a
1775,d
1776,b
1777,b
1778,f
1779,a
1780,e
1781,d
1782,c
1783,b
1784,a
1785,b
1786,e
1787,b
1788,d
1789,c
1790,d
1791,e
1792,a
1793,c
1794,c
1795,f
1796,d
1797,d
1798,f
1799,c
