ID,int1,int2
0,164,1010
1,6,180
2,1138,1709
3,146,1648
4,200,378
5,1214,1771
6,258,1103
7,1579,1715
8,982,1730
9,954,1271
10,1064,1630
11,654,1699
12,761,949
13,184,379
14,1326,1438
15,86,1752
16,294,1550
17,690,1276
18,596,1630
19,1140,1365
20,949,1281
21,182,345
22,1300,1588
23,723,1228
24,831,1663
25,618,1732
26,28,525
27,210,1600
28,922,1478
29,363,1207
30,170,483
31,386,1752
32,228,289
33,799,1528
34,1,758
35,724,1608
36,891,987
37,267,1499
38,505,681
39,569,1167
40,934,1595
41,726,1685
42,422,1322
43,964,1703
44,62,736
45,9,1639
46,691,1511
47,207,1345
48,340,1620
49,777,1427
50,867,1129
51,747,1400
52,533,1738
53,1397,1416
54,740,1569
55,331,1232
56,875,1007
57,1261,1737
58,4,1352
59,330,1706
60,994,1554
61,1080,1368
62,213,1349
63,640,1707
64,183,1470
65,687,1623
66,885,1643
67,223,798
68,55,240
69,819,1495
70,877,965
71,289,546
72,213,489
73,477,1666
74,436,665
75,1349,1641
76,641,1200
77,926,1108
78,625,669
79,97,1208
80,153,227
81,282,701
82,659,1714
83,101,496
84,891,1652
85,316,825
86,921,1388
87,515,1548
88,805,1711
89,954,1624
90,550,1657
91,455,1052
92,1100,1622
93,1516,1790
94,90,147
95,56,1042
96,446,608
97,19,434
98,232,419
99,645,1286
100,186,1231
101,578,1400
102,1017,1403
103,1344,1667
104,844,1177
105,1407,1688
106,450,745
107,41,514
108,729,1132
109,602,764
110,1247,1343
111,1323,1587
112,1605,1708
113,900,1192
114,998,1611
115,822,1261
116,1073,1313
117,1337,1484
118,420,1726
119,735,1573
120,197,673
121,1416,1636
122,431,1642
123,0,1395
124,104,562
125,202,713
126,394,1526
127,217,1496
128,336,699
129,39,764
130,933,1528
131,1061,1296
132,1204,1750
133,521,1028
134,811,1255
135,509,1181
136,557,1192
137,225,1192
138,923,1108
139,527,1078
140,36,1105
141,767,1136
142,115,736
143,36,1138
144,712,731
145,627,748
146,266,575
147,361,1064
148,431,1416
149,475,907
150,145,1165
151,540,1313
152,3,963
153,461,759
154,15,67
155,260,846
156,258,1786
157,166,374
158,757,937
159,563,900
160,716,1747
161,649,721
162,951,1749
163,698,1051
164,62,1577
165,166,1637
166,1059,1201
167,978,1663
168,304,1340
169,795,1002
170,788,1715
171,186,1739
172,857,863
173,163,1791
174,797,1505
175,608,1771
176,546,829
177,416,1652
178,156,1685
179,16,1482
180,379,1078
181,169,228
182,228,758
183,179,564
184,587,1359
185,846,1475
186,262,1490
187,420,951
188,317,1345
189,861,1378
190,1194,1387
191,177,1013
192,952,1358
193,1021,1190
194,5,766
195,236,1034
196,280,619
197,536,1383
198,870,1104
199,124,140
200,494,1771
201,583,1730
202,1182,1417
203,336,735
204,293,702
205,298,1738
206,427,1539
207,194,1090
208,1405,1742
209,640,1437
210,117,1445
211,684,1410
212,998,1217
213,1063,1732
214,6,399
215,435,1610
216,580,1413
217,460,907
218,428,1744
219,384,1266
220,1066,1129
221,530,1200
222,1234,1250
223,313,578
224,285,426
225,67,1528
226,54,1626
227,620,1238
228,153,369
229,1477,1685
230,162,1788
231,127,877
232,888,1170
233,166,787
234,1123,1320
235,722,1047
236,158,1603
237,1637,1673
238,139,1511
239,16,1376
240,72,602
241,959,1359
242,156,628
243,176,263
244,141,1182
245,1607,1655
246,101,599
247,433,1135
248,224,1437
249,31,323
250,417,683
251,783,1210
252,683,1665
253,604,1664
254,262,576
255,920,1083
256,445,786
257,333,1530
258,1369,1384
259,150,584
260,169,197
261,195,249
262,283,1389
263,895,981
264,541,1307
265,1346,1645
266,103,1707
267,377,1215
268,944,1514
269,251,594
270,1053,1175
271,34,1050
272,951,1714
273,97,455
274,483,1194
275,416,605
276,11,1076
277,366,959
278,932,1469
279,673,713
280,532,1248
281,985,1529
282,683,1358
283,304,604
284,524,1339
285,240,1771
286,103,1200
287,144,1152
288,964,1132
289,37,1102
290,143,517
291,182,1419
292,462,1198
293,421,1176
294,326,1696
295,778,992
296,800,1109
297,930,1375
298,978,1069
299,521,1245
300,445,1498
301,145,1671
302,230,1347
303,614,1559
304,9,1509
305,1112,1500
306,1118,1346
307,111,1094
308,673,1604
309,101,1639
310,465,852
311,895,1010
312,379,1365
313,1579,1696
314,516,927
315,476,1349
316,237,1098
317,208,1093
318,21,543
319,736,951
320,1317,1637
321,70,1740
322,370,720
323,1144,1163
324,1092,1595
325,657,943
326,72,503
327,225,1084
328,1049,1151
329,343,706
330,583,1741
331,99,121
332,1572,1600
333,673,986
334,693,1098
335,135,1570
336,872,919
337,213,510
338,270,858
339,783,1516
340,139,454
341,128,1263
342,1185,1352
343,196,1129
344,422,615
345,27,1012
346,1187,1776
347,220,688
348,975,1766
349,1121,1397
350,263,859
351,596,1550
352,15,523
353,876,973
354,575,1364
355,712,965
356,799,1425
357,237,764
358,78,120
359,526,1099
360,717,735
361,945,1388
362,354,1625
363,255,761
364,293,1787
365,416,1257
366,851,1160
367,1613,1706
368,1103,1720
369,890,1306
370,429,693
371,209,1200
372,276,360
373,101,1106
374,65,1317
375,548,1448
376,416,1348
377,655,1046
378,152,589
379,182,1075
380,722,814
381,11,1361
382,1379,1605
383,668,1628
384,304,863
385,583,1120
386,1186,1533
387,136,1649
388,1042,1554
389,290,578
390,442,868
391,39,819
392,1362,1520
393,8,1134
394,195,1528
395,215,566
396,549,1588
397,474,1301
398,608,1504
399,521,772
400,545,1702
401,445,1746
402,297,1117
403,142,448
404,411,671
405,230,1620
406,797,1553
407,596,1591
408,55,1064
409,193,1206
410,999,1653
411,273,1698
412,171,1564
413,400,900
414,1452,1686
415,210,1223
416,201,933
417,1690,1798
418,441,533
419,1223,1394
420,699,832
421,469,1608
422,1456,1708
423,643,648
424,1179,1200
425,864,1554
426,243,739
427,378,1250
428,457,1150
429,323,575
430,225,328
431,434,1220
432,75,1750
433,1051,1131
434,1452,1479
435,1304,1406
436,986,1021
437,55,1168
438,722,1417
439,706,1137
440,293,1710
441,196,1207
442,1141,1497
443,858,1730
444,422,1575
445,605,1263
446,323,1463
447,558,1217
448,581,1502
449,258,734
450,195,1493
451,503,1275
452,1476,1533
453,31,1792
454,9,246
455,510,1520
456,891,1139
457,314,711
458,367,1516
459,457,1578
460,478,809
461,867,1547
462,1168,1548
463,171,826
464,211,977
465,977,1482
466,0,675
467,1440,1497
468,418,1255
469,572,1619
470,541,1796
471,583,1252
472,124,1492
473,94,181
474,411,811
475,1038,1756
476,1113,1224
477,436,1763
478,669,996
479,436,497
480,484,1089
481,350,1519
482,1143,1163
483,1121,1146
484,1293,1417
485,147,1090
486,684,1109
487,323,1283
488,423,1373
489,428,1185
490,611,824
491,241,1145
492,489,1305
493,818,1227
494,879,1463
495,4,1587
496,133,1636
497,1121,1667
498,1486,1493
499,1385,1689
500,296,1039
501,297,904
502,1238,1354
503,111,932
504,1179,1459
505,127,758
506,304,1599
507,784,824
508,532,587
509,1581,1597
510,836,1364
511,265,1528
512,1429,1709
513,862,1041
514,1087,1744
515,913,1533
516,1160,1726
517,1563,1612
518,1019,1506
519,233,1117
520,471,1591
521,750,969
522,499,694
523,75,489
524,856,1230
525,149,1012
526,1038,1441
527,460,1182
528,1138,1352
529,677,1622
530,399,1248
531,217,1398
532,272,1375
533,380,1722
534,534,1454
535,950,1604
536,36,1459
537,703,958
538,798,1298
539,1045,1539
540,1136,1794
541,1328,1619
542,771,973
543,256,345
544,202,856
545,1338,1563
546,567,750
547,1455,1518
548,339,1477
549,1130,1137
550,398,1757
551,1565,1566
552,872,1762
553,1625,1720
554,36,397
555,1383,1717
556,1175,1639
557,564,759
558,1364,1472
559,639,1516
560,5,156
561,47,1004
562,765,1075
563,1610,1714
564,1320,1549
565,1305,1520
566,535,975
567,283,909
568,582,1137
569,24,1231
570,153,1771
571,244,711
572,59,1352
573,1028,1284
574,153,1551
575,98,978
576,114,1329
577,30,230
578,105,1239
579,962,1518
580,521,1708
581,124,976
582,601,1333
583,1120,1134
584,1380,1526
585,1611,1797
586,1349,1374
587,322,1193
588,309,419
589,311,1140
590,67,743
591,386,1732
592,41,627
593,137,965
594,548,912
595,902,1337
596,309,1429
597,709,1406
598,969,1531
599,171,1783
600,1052,1578
601,1027,1674
602,898,1233
603,954,1508
604,65,1069
605,331,949
606,188,731
607,1746,1797
608,1279,1778
609,763,840
610,254,1301
611,161,811
612,380,1614
613,277,1122
614,410,1280
615,692,1126
616,706,960
617,295,646
618,389,1640
619,73,728
620,888,1433
621,975,1194
622,215,614
623,1037,1746
624,71,600
625,643,755
626,707,1598
627,304,558
628,767,1355
629,698,1034
630,978,1527
631,540,1500
632,201,401
633,545,1409
634,1411,1705
635,583,1251
636,1203,1764
637,12,1203
638,379,397
639,1467,1497
640,249,645
641,111,990
642,443,669
643,163,605
644,539,1056
645,442,1237
646,1149,1245
647,957,1107
648,1296,1404
649,1038,1353
650,197,1049
651,315,1673
652,164,914
653,891,964
654,142,557
655,619,1267
656,206,784
657,469,1481
658,798,946
659,1075,1604
660,1004,1572
661,121,998
662,215,1683
663,124,424
664,627,1634
665,482,521
666,1292,1707
667,783,1499
668,289,361
669,110,1375
670,68,925
671,201,355
672,1056,1720
673,731,1708
674,105,446
675,522,952
676,381,1604
677,551,1379
678,270,486
679,1007,1407
680,621,1776
681,623,1321
682,704,1554
683,861,1381
684,1127,1716
685,109,188
686,1098,1319
687,437,1451
688,1228,1650
689,459,709
690,68,122
691,1167,1673
692,833,1006
693,878,1128
694,560,636
695,1323,1653
696,615,1474
697,374,1623
698,101,1388
699,794,1598
700,49,1685
701,323,503
702,606,783
703,1685,1760
704,967,1208
705,266,779
706,964,1323
707,660,1725
708,239,1201
709,166,1714
710,150,336
711,851,1627
712,468,1235
713,584,1554
714,626,1751
715,528,1459
716,22,673
717,541,816
718,168,677
719,993,1227
720,1409,1604
721,462,1280
722,587,1703
723,979,1030
724,753,997
725,114,1589
726,1534,1553
727,187,1438
728,962,970
729,344,747
730,89,445
731,719,921
732,943,1334
733,881,1052
734,467,1052
735,500,1590
736,262,961
737,908,1764
738,1350,1477
739,0,300
740,669,1186
741,193,1151
742,448,661
743,661,1571
744,34,699
745,1398,1503
746,693,794
747,1147,1439
748,1189,1602
749,700,788
750,940,1494
751,1097,1175
752,9,1281
753,445,1329
754,290,1014
755,1016,1057
756,1383,1513
757,601,1318
758,30,1778
759,230,701
760,846,957
761,1046,1591
762,230,519
763,101,471
764,466,1030
765,255,1334
766,739,1762
767,1052,1124
768,49,635
769,376,823
770,810,866
771,321,847
772,445,1107
773,477,1629
774,355,1231
775,9,489
776,745,1024
777,840,1441
778,199,880
779,1043,1619
780,531,1431
781,1269,1767
782,1002,1414
783,36,918
784,338,1173
785,845,1650
786,930,1032
787,1207,1624
788,34,658
789,416,1120
790,560,1148
791,36,956
792,315,1090
793,496,678
794,335,946
795,385,916
796,76,1043
797,233,785
798,199,1667
799,328,347
800,421,1654
801,1411,1457
802,884,1429
803,260,950
804,61,1076
805,1316,1383
806,72,268
807,547,1616
808,880,1141
809,49,137
810,824,1636
811,474,745
812,1028,1455
813,634,1290
814,443,1213
815,1515,1785
816,274,846
817,273,1291
818,870,1420
819,1198,1412
820,148,560
821,240,1553
822,1151,1171
823,113,490
824,55,60
825,675,1038
826,740,1134
827,200,951
828,712,1003
829,73,1240
830,343,539
831,169,673
832,232,724
833,1474,1763
834,575,694
835,12,987
836,543,1511
837,963,1261
838,1460,1631
839,1214,1716
840,829,1076
841,1244,1330
842,47,630
843,964,1035
844,825,861
845,1015,1042
846,964,1410
847,267,994
848,107,816
849,445,1294
850,641,1511
851,377,955
852,773,893
853,960,1466
854,1252,1266
855,133,929
856,30,1346
857,385,1191
858,10,1386
859,611,787
860,1439,1490
861,851,1563
862,775,1587
863,415,1435
864,938,1241
865,555,781
866,661,1116
867,78,1676
868,683,1349
869,568,861
870,847,1487
871,103,690
872,240,1637
873,201,651
874,246,510
875,130,1487
876,1171,1259
877,435,1372
878,440,882
879,1222,1471
880,27,728
881,994,1556
882,198,537
883,1494,1618
884,1137,1547
885,324,801
886,123,1286
887,152,335
888,646,1597
889,1459,1785
890,29,163
891,540,994
892,298,706
893,982,1178
894,349,1499
895,1246,1761
896,1502,1525
897,159,1630
898,1044,1321
899,366,977
900,388,580
901,1437,1570
902,528,1230
903,372,407
904,111,1310
905,660,1796
906,449,548
907,289,1433
908,427,1467
909,955,1784
910,467,745
911,714,1121
912,1285,1345
913,575,617
914,320,744
915,873,1764
916,105,510
917,142,1450
918,103,680
919,240,1514
920,514,528
921,304,447
922,421,632
923,1662,1725
924,723,902
925,869,1617
926,344,1506
927,8,1493
928,27,491
929,871,1687
930,1390,1642
931,265,1533
932,1429,1727
933,69,1696
934,415,1411
935,1449,1467
936,295,509
937,1111,1121
938,606,1792
939,154,831
940,886,1669
941,673,1147
942,287,988
943,861,1699
944,893,1615
945,195,562
946,266,317
947,1178,1603
948,1133,1517
949,640,965
950,288,1097
951,605,1732
952,557,1231
953,614,1639
954,296,1057
955,1675,1737
956,1572,1794
957,98,654
958,1037,1292
959,1228,1557
960,1035,1076
961,850,937
962,431,1408
963,977,1240
964,260,499
965,219,641
966,784,1212
967,660,1557
968,1059,1275
969,442,1334
970,1281,1688
971,591,1617
972,1155,1238
973,256,1337
974,874,1178
975,683,747
976,998,1510
977,765,786
978,243,612
979,169,1702
980,208,327
981,6,1709
982,211,1475
983,449,1333
984,866,1768
985,964,1684
986,182,346
987,574,740
988,1128,1327
989,889,1463
990,770,1429
991,696,1623
992,696,1115
993,285,450
994,69,444
995,1303,1746
996,97,1238
997,435,724
998,45,1733
999,185,534
1000,964,1209
1001,84,1470
1002,90,890
1003,491,1610
1004,1258,1289
1005,1426,1508
1006,999,1273
1007,1721,1750
1008,250,613
1009,1281,1449
1010,746,1525
1011,493,1497
1012,151,975
1013,106,964
1014,764,1046
1015,51,926
1016,67,1496
1017,314,479
1018,768,1763
1019,503,588
1020,1085,1530
1021,477,953
1022,1005,1769
1023,3,416
1024,309,585
1025,843,1599
1026,302,497
1027,200,442
1028,488,984
1029,1596,1718
1030,255,979
1031,321,771
1032,653,788
1033,711,1622
1034,501,988
1035,87,1480
1036,1242,1397
1037,201,1484
1038,570,1091
1039,857,1547
1040,1021,1355
1041,294,763
1042,1053,1492
1043,39,399
1044,526,1268
1045,823,1175
1046,623,1627
1047,1067,1655
1048,812,1378
1049,750,1629
1050,553,1025
1051,627,1311
1052,134,1469
1053,696,1321
1054,64,577
1055,454,1316
1056,964,1157
1057,1536,1686
1058,875,992
1059,136,220
1060,180,750
1061,1245,1455
1062,194,1663
1063,463,887
1064,34,671
1065,68,1378
1066,1610,1797
1067,659,1159
1068,480,1243
1069,759,1406
1070,23,1279
1071,847,862
1072,129,695
1073,244,1420
1074,202,1552
1075,1692,1713
1076,583,1088
1077,60,633
1078,721,1424
1079,638,711
1080,416,872
1081,993,1452
1082,307,785
1083,558,1271
1084,891,1010
1085,1038,1561
1086,419,1621
1087,49,1786
1088,292,1183
1089,638,1204
1090,982,1351
1091,555,1487
1092,826,1796
1093,809,905
1094,978,1556
1095,797,1297
1096,888,1799
1097,1171,1486
1098,1159,1384
1099,510,1639
1100,972,1470
1101,304,1479
1102,1209,1735
1103,49,1539
1104,1268,1371
1105,253,1588
1106,460,583
1107,313,1192
1108,145,663
1109,126,1416
1110,316,1480
1111,801,1137
1112,316,1181
1113,795,1333
1114,957,1173
1115,220,1111
1116,1162,1468
1117,526,712
1118,673,1610
1119,543,1189
1120,899,1353
1121,398,940
1122,434,1481
1123,51,657
1124,1162,1233
1125,502,1626
1126,1523,1618
1127,611,1632
1128,68,878
1129,171,969
1130,450,1001
1131,926,969
1132,1121,1435
1133,256,937
1134,390,1256
1135,976,1726
1136,318,1146
1137,252,1429
1138,462,1648
1139,529,1721
1140,1256,1424
1141,448,592
1142,250,1315
1143,1010,1595
1144,304,995
1145,2,1245
1146,1199,1534
1147,824,1493
1148,316,422
1149,155,1258
1150,1158,1288
1151,667,1564
1152,701,1117
1153,201,867
1154,107,981
1155,42,1445
1156,327,1492
1157,895,1208
1158,1014,1464
1159,491,728
1160,1328,1718
1161,840,1161
1162,737,1415
1163,334,623
1164,97,1555
1165,1027,1260
1166,649,1010
1167,666,1705
1168,214,876
1169,1056,1457
1170,798,1613
1171,729,851
1172,347,1406
1173,1106,1657
1174,711,858
1175,147,379
1176,786,1097
1177,927,1137
1178,832,1552
1179,361,1377
1180,230,1407
1181,712,992
1182,479,1429
1183,1146,1334
1184,242,1721
1185,219,526
1186,108,1133
1187,1238,1630
1188,542,615
1189,346,1513
1190,818,908
1191,399,870
1192,1138,1663
1193,1154,1761
1194,936,1429
1195,673,1320
1196,454,1593
1197,367,1116
1198,926,1558
1199,623,951
1200,540,557
1201,892,1056
1202,354,1218
1203,706,790
1204,547,1303
1205,373,558
1206,86,369
1207,1288,1610
1208,58,667
1209,492,1016
1210,718,1793
1211,1123,1760
1212,51,919
1213,1109,1258
1214,1103,1140
1215,815,889
1216,903,911
1217,53,913
1218,1034,1708
1219,345,420
1220,246,495
1221,829,1477
1222,1523,1740
1223,140,230
1224,453,1239
1225,872,1145
1226,740,1094
1227,272,999
1228,138,1625
1229,1115,1496
1230,618,1271
1231,875,1397
1232,123,350
1233,1116,1475
1234,100,270
1235,339,736
1236,1308,1677
1237,344,616
1238,485,910
1239,1319,1437
1240,414,1268
1241,669,1523
1242,783,1183
1243,62,1573
1244,1442,1741
1245,792,1686
1246,224,1104
1247,243,1441
1248,599,1475
1249,663,1686
1250,217,918
1251,4,1429
1252,891,1475
1253,261,1090
1254,700,1334
1255,67,297
1256,191,1245
1257,1097,1726
1258,545,1646
1259,342,1126
1260,924,1241
1261,38,837
1262,264,878
1263,1161,1452
1264,529,1083
1265,86,628
1266,460,468
1267,834,858
1268,1155,1698
1269,727,1245
1270,36,765
1271,9,985
1272,909,1490
1273,872,1392
1274,1467,1745
1275,388,1528
1276,585,921
1277,147,1042
1278,246,1750
1279,67,737
1280,1433,1440
1281,810,1736
1282,1437,1680
1283,439,507
1284,707,792
1285,830,1446
1286,404,648
1287,791,826
1288,665,1630
1289,1361,1574
1290,489,585
1291,967,1130
1292,736,1207
1293,818,1041
1294,176,991
1295,204,326
1296,1431,1505
1297,827,1084
1298,0,1460
1299,705,1015
1300,928,1751
1301,765,1421
1302,1268,1724
1303,1037,1385
1304,399,854
1305,24,1549
1306,27,483
1307,1041,1580
1308,201,1348
1309,249,549
1310,222,1196
1311,493,1467
1312,602,1205
1313,792,836
1314,535,1595
1315,276,1544
1316,930,1088
1317,127,861
1318,1052,1506
1319,662,763
1320,170,1783
1321,774,1282
1322,160,1497
1323,349,1429
1324,825,1335
1325,47,161
1326,822,846
1327,230,1782
1328,916,1189
1329,737,1714
1330,94,317
1331,349,1314
1332,176,717
1333,280,1265
1334,426,1407
1335,1763,1791
1336,1493,1763
1337,647,1018
1338,281,1608
1339,234,1362
1340,985,1163
1341,972,975
1342,288,1228
1343,783,928
1344,608,1436
1345,798,1414
1346,662,1756
1347,146,1612
1348,1416,1467
1349,192,1771
1350,61,1085
1351,879,1002
1352,1,879
1353,415,893
1354,1197,1501
1355,88,604
1356,1098,1794
1357,540,984
1358,53,489
1359,1187,1560
1360,135,1013
1361,356,1602
1362,1039,1137
1363,641,848
1364,239,1373
1365,1220,1377
1366,1485,1786
1367,543,1388
1368,1200,1356
1369,1011,1694
1370,378,1488
1371,445,749
1372,343,1645
1373,476,1403
1374,229,535
1375,1064,1567
1376,301,1778
1377,869,1078
1378,1314,1516
1379,1332,1363
1380,72,349
1381,1129,1323
1382,497,735
1383,1093,1240
1384,545,1402
1385,707,1554
1386,1079,1202
1387,505,868
1388,1161,1588
1389,286,412
1390,407,1431
1391,1052,1704
1392,793,1735
1393,1477,1699
1394,251,1038
1395,1190,1231
1396,130,1365
1397,305,1404
1398,1125,1153
1399,804,1012
1400,1435,1764
1401,70,87
1402,75,1751
1403,457,1337
1404,450,812
1405,1292,1511
1406,244,1053
1407,183,870
1408,313,1610
1409,345,1150
1410,1046,1685
1411,349,763
1412,235,335
1413,561,640
1414,305,1167
1415,1266,1728
